Feature,Importance,Std
TAT,0.031160808902537907,0.0005356197909823676
CDP,0.039492525407006984,0.000775033797158162
TEY,0.05698319222947834,0.0010975453310830279
AT,0.21736859216645002,0.002378969954615751
AH,0.22681546929014176,0.005265505029342724
AP,0.2358107979858624,0.006742960044726133
TIT,0.23856351512165502,0.004413144021074359
GTEP,0.26269822320036634,0.004190264929705763
AFDP,0.6519578841489604,0.014617505391738096
