Feature,Importance,Std
TIT,0.0028249410903265606,0.00019964081038545322
TEY,0.026197302634049256,0.0012975494180620258
CDP,0.0353421550838528,0.0014241583586472556
GTEP,0.0636724089891255,0.00291903813021578
AT,0.07322190707978536,0.003026517419684502
AH,0.08738711228857599,0.004066497388027337
AP,0.0948052339712386,0.005424847681690777
TAT,0.19905903786011872,0.008326078710967954
AFDP,1.0141340373749095,0.057758731164242245
