Feature,Importance,Std
TIT,0.0030886974085091224,0.0002546836793651013
TEY,0.026480669449846516,0.0016971965587975187
CDP,0.03624392214617957,0.0019024914408381597
GTEP,0.054206833694340636,0.003764889320594478
AT,0.07103710373912667,0.0037047808658775246
AH,0.08821126728264338,0.0037442283761700405
AP,0.10346874542617379,0.007289184724345443
TAT,0.20304053870060268,0.008781956396461453
AFDP,1.0552637976125299,0.06390047468390013
