Feature,Importance,Std
TAT,0.025984787567734934,0.0006863082892696662
CDP,0.0367596714894514,0.0007627600413295515
TEY,0.05195619618457707,0.0010845978495513755
AH,0.23186354837706774,0.005211121136921139
AT,0.23357041825142036,0.0027478734617702367
TIT,0.23567693077714966,0.00461079459604225
AP,0.2365552575878437,0.007042458132395073
GTEP,0.27627805780614956,0.004913814630584821
AFDP,0.6381239545337735,0.014553061229284
