Variable,VIF
TIT,132810.63013203422
TAT,117884.48510113783
CDP,45816.40941827692
TEY,40569.598487357056
AP,39085.33738301473
GTEP,7576.782398019572
AFDP,127.44225590176256
AT,107.50891164643392
AH,69.6234377253655
