Variable,VIF
TIT,145360.5129548468
CDP,100191.67862415088
TAT,63260.7085738981
TEY,50499.72814861888
AP,42718.80501456421
GTEP,6408.150539729739
AFDP,348.35572005644804
AH,63.961761134215806
AT,47.919081172295684
