{
  "full": {
    "TIT": 1083.2,
    "TAT": 549.91,
    "CDP": 11.9255,
    "GTEP": 25.075,
    "AFDP": 3.80455,
    "AT": 17.678,
    "AP": 1011.9,
    "AH": 84.2885,
    "TEY": 133.53
  },
  "130_136": {
    "TIT": 1086.0,
    "TAT": 549.99,
    "CDP": 11.973,
    "GTEP": 25.186,
    "AFDP": 3.6592,
    "AT": 16.519,
    "AP": 1011.9,
    "AH": 84.592,
    "TEY": 133.94
  },
  "160p": {
    "TIT": 1100.0,
    "TAT": 529.0699999999999,
    "CDP": 14.0545,
    "GTEP": 33.2505,
    "AFDP": 4.17135,
    "AT": 8.72355,
    "AP": 1017.75,
    "AH": 81.8725,
    "TEY": 162.67
  }
}