{"spot_diameter_fullres": 140.54472527749078, "tissue_hires_scalef": 0.114514746, "fiducial_diameter_fullres": 227.03378698671585, "tissue_lowres_scalef": 0.034354422}