{"spot_diameter_fullres": 140.60671763300087, "tissue_hires_scalef": 0.11452786, "fiducial_diameter_fullres": 227.13392848407835, "tissue_lowres_scalef": 0.034358356}